<?xml version="1.0" encoding="UTF-8"?>
<metadata xml:lang="en"><Esri><CreaDate>20190424</CreaDate><CreaTime>17203900</CreaTime><ArcGISFormat>1.0</ArcGISFormat><ArcGISstyle>FGDC CSDGM Metadata</ArcGISstyle><SyncOnce>TRUE</SyncOnce><DataProperties><lineage><Process ToolSource="c:\program files\arcgis\desktop10.5\ArcToolbox\Toolboxes\Data Management Tools.tbx\AddField" Date="20190424" Time="172039">AddField "Y:\Documents\_Homework\URI\Spring 2019\Python\Final\TestFile.shp" Date2 DATE # # # # NULLABLE NON_REQUIRED #</Process><Process ToolSource="c:\program files\arcgis\desktop10.5\ArcToolbox\Toolboxes\Data Management Tools.tbx\AddField" Date="20190424" Time="172601">AddField "\\psf\Home\Documents\_Homework\URI\Spring 2019\Python\Final\TestFile.shp" NewDate DATE # # # # NULLABLE NON_REQUIRED #</Process><Process ToolSource="c:\program files\arcgis\desktop10.5\ArcToolbox\Toolboxes\Data Management Tools.tbx\AddField" Date="20190424" Time="172726">AddField "\\psf\Home\Documents\_Homework\URI\Spring 2019\Python\Final\TestFile.shp" fartnoises DATE # # # # NULLABLE NON_REQUIRED #</Process><Process ToolSource="c:\program files\arcgis\desktop10.5\ArcToolbox\Toolboxes\Data Management Tools.tbx\AddField" Date="20190427" Time="143630">AddField "\\psf\Home\Documents\_Homework\URI\Spring 2019\Python\Final\TestFile.shp" date2 DATE # # # # NULLABLE NON_REQUIRED #</Process><Process ToolSource="c:\program files\arcgis\desktop10.5\ArcToolbox\Toolboxes\Data Management Tools.tbx\AddField" Date="20190427" Time="144238">AddField "\\psf\Home\Documents\_Homework\URI\Spring 2019\Python\Final\Sample_Date_Data.shp" Date2 DATE # # # # NULLABLE NON_REQUIRED #</Process><Process Name="Change Date Format" ToolSource="\\psf\Home\Documents\_Homework\URI\Spring 2019\Python\Final\ToolBox2.pyt\DateFormat" Date="20190427" Time="161648">DateFormat "\\psf\Home\Documents\_Homework\URI\Spring 2019\Python\Final\Sample_Date_Data.shp" Date DDMMYYYY YYYYMMDD</Process><Process ToolSource="c:\program files\arcgis\desktop10.5\ArcToolbox\Toolboxes\Data Management Tools.tbx\AddField" Date="20190427" Time="163507">AddField "\\psf\Home\Documents\_Homework\URI\Spring 2019\Python\Final\Sample_Date_Data.shp" date2 DATE # # # # NULLABLE NON_REQUIRED #</Process><Process Name="Integer to Date" ToolSource="\\psf\Home\Documents\_Homework\URI\Spring 2019\Python\Final\ToolBox2.pyt\DateConvert" Date="20190427" Time="163507">DateConvert "\\psf\Home\Documents\_Homework\URI\Spring 2019\Python\Final\Sample_Date_Data.shp" Date date2</Process><Process ToolSource="c:\program files\arcgis\desktop10.5\ArcToolbox\Toolboxes\Data Management Tools.tbx\AddField" Date="20190427" Time="163507">AddField "\\psf\Home\Documents\_Homework\URI\Spring 2019\Python\Final\Sample_Date_Data.shp" date3 DATE # # # # NULLABLE NON_REQUIRED #</Process><Process ToolSource="c:\program files\arcgis\desktop10.5\ArcToolbox\Toolboxes\Data Management Tools.tbx\AddField" Date="20190427" Time="163515">AddField "\\psf\Home\Documents\_Homework\URI\Spring 2019\Python\Final\Sample_Date_Data.shp" date3 DATE # # # # NULLABLE NON_REQUIRED #</Process><Process ToolSource="c:\program files\arcgis\desktop10.5\ArcToolbox\Toolboxes\Data Management Tools.tbx\AddField" Date="20190427" Time="163528">AddField "\\psf\Home\Documents\_Homework\URI\Spring 2019\Python\Final\Sample_Date_Data.shp" date3 DATE # # # # NULLABLE NON_REQUIRED #</Process><Process ToolSource="c:\program files\arcgis\desktop10.5\ArcToolbox\Toolboxes\Data Management Tools.tbx\AddField" Date="20190427" Time="163739">AddField "\\psf\Home\Documents\_Homework\URI\Spring 2019\Python\Final\Sample_Date_Data.shp" trytry LONG 12 # # # NULLABLE NON_REQUIRED #</Process><Process ToolSource="\\psf\Home\Documents\_Homework\URI\Spring 2019\Python\Final\ToolBox2.pyt\DateConvert2" Date="20190427" Time="163739">DateConvert2 "\\psf\Home\Documents\_Homework\URI\Spring 2019\Python\Final\Sample_Date_Data.shp" date2 trytry</Process><Process ToolSource="c:\program files\arcgis\desktop10.5\ArcToolbox\Toolboxes\Data Management Tools.tbx\AddField" Date="20190427" Time="164003">AddField "\\psf\Home\Documents\_Homework\URI\Spring 2019\Python\Final\Sample_Date_Data.shp" Date2 DATE # # # # NULLABLE NON_REQUIRED #</Process><Process Name="Integer to Date" ToolSource="\\psf\Home\Documents\_Homework\URI\Spring 2019\Python\Final\ToolBox2.pyt\DateConvert" Date="20190427" Time="164004">DateConvert "\\psf\Home\Documents\_Homework\URI\Spring 2019\Python\Final\Sample_Date_Data.shp" Date Date2</Process><Process ToolSource="c:\program files\arcgis\desktop10.5\ArcToolbox\Toolboxes\Data Management Tools.tbx\AddField" Date="20190427" Time="164004">AddField "\\psf\Home\Documents\_Homework\URI\Spring 2019\Python\Final\Sample_Date_Data.shp" DateLong LONG 12 # # # NULLABLE NON_REQUIRED #</Process><Process Name="Date to Integer" ToolSource="\\psf\Home\Documents\_Homework\URI\Spring 2019\Python\Final\ToolBox2.pyt\DateConvert2" Date="20190427" Time="164004">DateConvert2 "\\psf\Home\Documents\_Homework\URI\Spring 2019\Python\Final\Sample_Date_Data.shp" Date2 DateLong</Process><Process ToolSource="c:\program files\arcgis\desktop10.5\ArcToolbox\Toolboxes\Data Management Tools.tbx\AddField" Date="20190427" Time="164004">AddField "\\psf\Home\Documents\_Homework\URI\Spring 2019\Python\Final\Sample_Date_Data.shp" DateDate DATE # # # # NULLABLE NON_REQUIRED #</Process><Process Name="Integer to Date (2)" ToolSource="\\psf\Home\Documents\_Homework\URI\Spring 2019\Python\Final\ToolBox2.pyt\DateConvert" Date="20190427" Time="164004">DateConvert "\\psf\Home\Documents\_Homework\URI\Spring 2019\Python\Final\Sample_Date_Data.shp" DateLong DateDate</Process><Process ToolSource="c:\program files\arcgis\desktop10.5\ArcToolbox\Toolboxes\Data Management Tools.tbx\AddField" Date="20190427" Time="164015">AddField "\\psf\Home\Documents\_Homework\URI\Spring 2019\Python\Final\Sample_Date_Data.shp" DateDate DATE # # # # NULLABLE NON_REQUIRED #</Process><Process Name="Integer to Date (2)" ToolSource="\\psf\Home\Documents\_Homework\URI\Spring 2019\Python\Final\ToolBox2.pyt\DateConvert" Date="20190427" Time="164016">DateConvert "\\psf\Home\Documents\_Homework\URI\Spring 2019\Python\Final\Sample_Date_Data.shp" DateLong DateDate</Process><Process ToolSource="c:\program files\arcgis\desktop10.5\ArcToolbox\Toolboxes\Data Management Tools.tbx\AddField" Date="20190427" Time="164852">AddField "\\psf\Home\Documents\_Homework\URI\Spring 2019\Python\Final\SampleData_datetools.shp" whoopsies LONG 12 # # # NULLABLE NON_REQUIRED #</Process><Process ToolSource="\\psf\Home\Documents\_Homework\URI\Spring 2019\Python\Final\DateTools.pyt\DateConvert2" Date="20190427" Time="164852">DateConvert2 "\\psf\Home\Documents\_Homework\URI\Spring 2019\Python\Final\SampleData_datetools.shp" Date whoopsies</Process><Process ToolSource="c:\program files\arcgis\desktop10.5\ArcToolbox\Toolboxes\Data Management Tools.tbx\AddField" Date="20190427" Time="164925">AddField "\\psf\Home\Documents\_Homework\URI\Spring 2019\Python\Final\SampleData_datetools.shp" whoops DATE # # # # NULLABLE NON_REQUIRED #</Process><Process ToolSource="c:\program files\arcgis\desktop10.5\ArcToolbox\Toolboxes\Data Management Tools.tbx\AddField" Date="20190427" Time="164946">AddField "\\psf\Home\Documents\_Homework\URI\Spring 2019\Python\Final\SampleData_datetools.shp" whoops DATE # # # # NULLABLE NON_REQUIRED #</Process><Process ToolSource="\\psf\Home\Documents\_Homework\URI\Spring 2019\Python\Final\DateTools.pyt\DateConvert" Date="20190427" Time="164946">DateConvert "\\psf\Home\Documents\_Homework\URI\Spring 2019\Python\Final\SampleData_datetools.shp" Date whoops</Process></lineage></DataProperties></Esri></metadata>
